AE006468.2	DRX	100.000	29	0	0	1275788	1275816	29	1	2.01e-07	54.7	29	GTCTTCCCCGCGGACGCAGGGATAAACCG
AE006468.2	DR22	100.000	29	0	0	3076618	3076646	1	29	2.01e-07	54.7	29	GTGTTTATCCCCGCTGGCGCGGGGAACAT
AE006468.2	DR	100.000	29	0	0	3076679	3076707	1	29	2.01e-07	54.7	29	CGGTTTATCCCCGCTGGCGCGGGGAACAC
AE006468.2	DR14	100.000	29	0	0	3076740	3076768	1	29	2.01e-07	54.7	29	CGGTTTATCCCCGCTGGCGCGGGAAACAC
AE006468.2	DR	100.000	29	0	0	3076801	3076829	1	29	2.01e-07	54.7	29	CGGTTTATCCCCGCTGGCGCGGGGAACAC
AE006468.2	DR	100.000	29	0	0	3076862	3076890	1	29	2.01e-07	54.7	29	CGGTTTATCCCCGCTGGCGCGGGGAACAC
AE006468.2	DR	100.000	29	0	0	3076923	3076951	1	29	2.01e-07	54.7	29	CGGTTTATCCCCGCTGGCGCGGGGAACAC
AE006468.2	DR	100.000	29	0	0	3076984	3077012	1	29	2.01e-07	54.7	29	CGGTTTATCCCCGCTGGCGCGGGGAACAC
AE006468.2	DR	100.000	29	0	0	3077087	3077115	1	29	2.01e-07	54.7	29	CGGTTTATCCCCGCTGGCGCGGGGAACAC
AE006468.2	DR	100.000	29	0	0	3077149	3077177	1	29	2.01e-07	54.7	29	CGGTTTATCCCCGCTGGCGCGGGGAACAC
AE006468.2	DR	100.000	29	0	0	3077210	3077238	1	29	2.01e-07	54.7	29	CGGTTTATCCCCGCTGGCGCGGGGAACAC
AE006468.2	DR	100.000	29	0	0	3077271	3077299	1	29	2.01e-07	54.7	29	CGGTTTATCCCCGCTGGCGCGGGGAACAC
AE006468.2	DR	100.000	29	0	0	3077332	3077360	1	29	2.01e-07	54.7	29	CGGTTTATCCCCGCTGGCGCGGGGAACAC
AE006468.2	DR	100.000	29	0	0	3077393	3077421	1	29	2.01e-07	54.7	29	CGGTTTATCCCCGCTGGCGCGGGGAACAC
AE006468.2	DR28	100.000	29	0	0	3077454	3077482	1	29	2.01e-07	54.7	29	AGGTTTATCCCCGCTGGCGCGGGGAACAC
AE006468.2	DR	100.000	29	0	0	3077515	3077543	1	29	2.01e-07	54.7	29	CGGTTTATCCCCGCTGGCGCGGGGAACAC
AE006468.2	DR	100.000	29	0	0	3077576	3077604	1	29	2.01e-07	54.7	29	CGGTTTATCCCCGCTGGCGCGGGGAACAC
AE006468.2	DR	100.000	29	0	0	3077637	3077665	1	29	2.01e-07	54.7	29	CGGTTTATCCCCGCTGGCGCGGGGAACAC
AE006468.2	DR	100.000	29	0	0	3077698	3077726	1	29	2.01e-07	54.7	29	CGGTTTATCCCCGCTGGCGCGGGGAACAC
AE006468.2	DR	100.000	29	0	0	3077759	3077787	1	29	2.01e-07	54.7	29	CGGTTTATCCCCGCTGGCGCGGGGAACAC
AE006468.2	DR114	96.875	32	0	1	3077759	3077789	1	32	7.22e-07	52.8	32	CGGTTTATCCCCGCTGGCGCGGGGAACA-CAC
AE006468.2	DR	100.000	29	0	0	3077820	3077848	1	29	2.01e-07	54.7	29	CGGTTTATCCCCGCTGGCGCGGGGAACAC
AE006468.2	DR	100.000	29	0	0	3077882	3077910	1	29	2.01e-07	54.7	29	CGGTTTATCCCCGCTGGCGCGGGGAACAC
AE006468.2	DR	100.000	29	0	0	3077943	3077971	1	29	2.01e-07	54.7	29	CGGTTTATCCCCGCTGGCGCGGGGAACAC
AE006468.2	DR	100.000	29	0	0	3078004	3078032	1	29	2.01e-07	54.7	29	CGGTTTATCCCCGCTGGCGCGGGGAACAC
AE006468.2	DR	100.000	29	0	0	3078065	3078093	1	29	2.01e-07	54.7	29	CGGTTTATCCCCGCTGGCGCGGGGAACAC
AE006468.2	DR	100.000	29	0	0	3078126	3078154	1	29	2.01e-07	54.7	29	CGGTTTATCCCCGCTGGCGCGGGGAACAC
AE006468.2	DR114	96.875	32	0	1	3078126	3078156	1	32	7.22e-07	52.8	32	CGGTTTATCCCCGCTGGCGCGGGGAACA-CAC
AE006468.2	DR1C	100.000	29	0	0	3094286	3094314	1	29	2.01e-07	54.7	29	ACGGCTATCCTTGTTGGCGCGGGGAACAC
AE006468.2	DR	100.000	29	0	0	3094347	3094375	1	29	2.01e-07	54.7	29	CGGTTTATCCCCGCTGGCGCGGGGAACAC
AE006468.2	DR8	100.000	29	0	0	3094408	3094436	1	29	2.01e-07	54.7	29	CGGTTTATCCCTGCTGGCGCGGGGAACAC
AE006468.2	DR	100.000	29	0	0	3094469	3094497	1	29	2.01e-07	54.7	29	CGGTTTATCCCCGCTGGCGCGGGGAACAC
AE006468.2	DR	100.000	29	0	0	3094530	3094558	1	29	2.01e-07	54.7	29	CGGTTTATCCCCGCTGGCGCGGGGAACAC
AE006468.2	DR20	100.000	29	0	0	3094591	3094619	1	29	2.01e-07	54.7	29	CGGTTTATCCCCGCTAGCGCGGGGAACAT
AE006468.2	DR	100.000	29	0	0	3094652	3094680	1	29	2.01e-07	54.7	29	CGGTTTATCCCCGCTGGCGCGGGGAACAC
AE006468.2	DR13	100.000	29	0	0	3094713	3094741	1	29	2.01e-07	54.7	29	CGGTTTATCCCCGCTGGCACGGGGAACAC
AE006468.2	DR4	100.000	29	0	0	3094774	3094802	1	29	2.01e-07	54.7	29	CGGCTTATCCCCGCTGGCGCGGGGAACAC
AE006468.2	DR	100.000	29	0	0	3094836	3094864	1	29	2.01e-07	54.7	29	CGGTTTATCCCCGCTGGCGCGGGGAACAC
AE006468.2	DR	100.000	29	0	0	3094897	3094925	1	29	2.01e-07	54.7	29	CGGTTTATCCCCGCTGGCGCGGGGAACAC
AE006468.2	DR114	96.875	32	0	1	3094897	3094927	1	32	7.22e-07	52.8	32	CGGTTTATCCCCGCTGGCGCGGGGAACA-CAC
AE006468.2	DR5	100.000	29	0	0	3094958	3094986	1	29	2.01e-07	54.7	29	CGATTTATCCCTGCTGGCGCGGGGAACAC
AE006468.2	DR	100.000	29	0	0	3095019	3095047	1	29	2.01e-07	54.7	29	CGGTTTATCCCCGCTGGCGCGGGGAACAC
AE006468.2	DR	100.000	29	0	0	3095080	3095108	1	29	2.01e-07	54.7	29	CGGTTTATCCCCGCTGGCGCGGGGAACAC
AE006468.2	DR	100.000	29	0	0	3095141	3095169	1	29	2.01e-07	54.7	29	CGGTTTATCCCCGCTGGCGCGGGGAACAC
AE006468.2	DR	100.000	29	0	0	3095202	3095230	1	29	2.01e-07	54.7	29	CGGTTTATCCCCGCTGGCGCGGGGAACAC
AE006468.2	DR6	100.000	29	0	0	3095263	3095291	1	29	2.01e-07	54.7	29	CGGTTTATCCCCGCTAGCGCGGGGAACAC
AE006468.2	DR	100.000	29	0	0	3095324	3095352	1	29	2.01e-07	54.7	29	CGGTTTATCCCCGCTGGCGCGGGGAACAC
AE006468.2	DR	100.000	29	0	0	3095385	3095413	1	29	2.01e-07	54.7	29	CGGTTTATCCCCGCTGGCGCGGGGAACAC
AE006468.2	DR114	96.875	32	0	1	3095385	3095415	1	32	7.22e-07	52.8	32	CGGTTTATCCCCGCTGGCGCGGGGAACA-CAC
AE006468.2	DR	100.000	29	0	0	3095446	3095474	1	29	2.01e-07	54.7	29	CGGTTTATCCCCGCTGGCGCGGGGAACAC
AE006468.2	DR	100.000	29	0	0	3095507	3095535	1	29	2.01e-07	54.7	29	CGGTTTATCCCCGCTGGCGCGGGGAACAC
AE006468.2	DR	100.000	29	0	0	3095568	3095596	1	29	2.01e-07	54.7	29	CGGTTTATCCCCGCTGGCGCGGGGAACAC
AE006468.2	DR	100.000	29	0	0	3095629	3095657	1	29	2.01e-07	54.7	29	CGGTTTATCCCCGCTGGCGCGGGGAACAC
AE006468.2	DR	100.000	29	0	0	3095690	3095718	1	29	2.01e-07	54.7	29	CGGTTTATCCCCGCTGGCGCGGGGAACAC
AE006468.2	DR	100.000	29	0	0	3095751	3095779	1	29	2.01e-07	54.7	29	CGGTTTATCCCCGCTGGCGCGGGGAACAC
AE006468.2	DR	100.000	29	0	0	3095812	3095840	1	29	2.01e-07	54.7	29	CGGTTTATCCCCGCTGGCGCGGGGAACAC
AE006468.2	DR	100.000	29	0	0	3095873	3095901	1	29	2.01e-07	54.7	29	CGGTTTATCCCCGCTGGCGCGGGGAACAC
AE006468.2	DR	100.000	29	0	0	3095934	3095962	1	29	2.01e-07	54.7	29	CGGTTTATCCCCGCTGGCGCGGGGAACAC
AE006468.2	DR	100.000	29	0	0	3095995	3096023	1	29	2.01e-07	54.7	29	CGGTTTATCCCCGCTGGCGCGGGGAACAC
AE006468.2	DR	100.000	29	0	0	3096056	3096084	1	29	2.01e-07	54.7	29	CGGTTTATCCCCGCTGGCGCGGGGAACAC
AE006468.2	DR	100.000	29	0	0	3096117	3096145	1	29	2.01e-07	54.7	29	CGGTTTATCCCCGCTGGCGCGGGGAACAC
AE006468.2	DR	100.000	29	0	0	3096178	3096206	1	29	2.01e-07	54.7	29	CGGTTTATCCCCGCTGGCGCGGGGAACAC
AE006468.2	DR	100.000	29	0	0	3096239	3096267	1	29	2.01e-07	54.7	29	CGGTTTATCCCCGCTGGCGCGGGGAACAC
AE006468.2	DR114	96.875	32	0	1	3096239	3096269	1	32	7.22e-07	52.8	32	CGGTTTATCCCCGCTGGCGCGGGGAACA-CAC
